Introduzione agli algoritmi,http://twiki.di.uniroma1.it/twiki/view/Intro_algo/WebRss?skin=rss,Triennale
Algoritmi 2,http://twiki.di.uniroma1.it/twiki/view/Algoritmi2/WebRss?skin=rss,Triennale
Basi di Dati 1 Inf.,http://twiki.di.uniroma1.it/twiki/view/BD1Inf/WebRss?skin=rss,Triennale
"Basi di Dati (I modulo, A-L)",http://twiki.di.uniroma1.it/twiki/view/BD1/WebRss?skin=rss,Triennale
"Basi di Dati (I modulo, A-L)",http://twiki.di.uniroma1.it/twiki/view/BD1/WebRss?skin=rss,Triennale
Basi di Dati 2,http://twiki.di.uniroma1.it/twiki/view/BD2/WebRss?skin=rss,Triennale
Metodi mat. per l'inf. – AD,http://twiki.di.uniroma1.it/twiki/view/Logica_AD/WebRss?skin=rss,Triennale
Metodi mat. per l'inf. – PZ,http://twiki.di.uniroma1.it/twiki/view/Logica_PZ/WebRss?skin=rss,Triennale
Prog. di sistemi multicore,http://twiki.di.uniroma1.it/twiki/view/PSMC/WebRss?skin=rss,Triennale
Lab. Prog. AD,http://twiki.di.uniroma1.it/twiki/view/Labprog2/AD/WebRss?skin=rss,Triennale
Arch. di internet,http://twiki.di.uniroma1.it/twiki/view/Reti_elab/AL/WebRss?skin=rss,Triennale
Programmazione Web,http://twiki.di.uniroma1.it/twiki/view/PW/WebRss?skin=rss,Triennale
Sistemi operativi 1,http://twiki.di.uniroma1.it/twiki/view/Sistemioperativi1/WebRss?skin=rss,Triennale
"Automi, Calcolabilità e Complessità",http://twiki.di.uniroma1.it/twiki/view/Calcolabilita/WebRss?skin=rss,Triennale
Apprendimento Automatico,http://twiki.di.uniroma1.it/twiki/view/ApprAuto/WebRss?skin=rss,Triennale
Linguaggi di Programmazione 3° anno Matematica,http://twiki.di.uniroma1.it/twiki/view/LDPMat/WebRss?skin=rss,Triennale
Sistemi Informativi,http://twiki.di.uniroma1.it/twiki/view/Sistemi_inf/WebRss?skin=rss,Triennale
Algoritmi Avanzati,http://twiki.di.uniroma1.it/twiki/view/AA/WebRss?skin=rss,Magistrale
Algoritmi per le reti,http://twiki.di.uniroma1.it/twiki/view/Algoreti/WebRss?skin=rss,Magistrale
Architetture avanzate e parallele,http://twiki.di.uniroma1.it/twiki/view/AAP/WebRss?skin=rss,Magistrale
Big Data Computing,http://twiki.di.uniroma1.it/twiki/view/BDC/WebRss?skin=rss,Magistrale
Calcolo Intensivo,http://twiki.di.uniroma1.it/twiki/view/CI/WebRss?skin=rss,Magistrale
Concurrent Systems,http://twiki.di.uniroma1.it/twiki/view/TC/WebRss?skin=rss,Magistrale
Crittografia,http://twiki.di.uniroma1.it/twiki/view/Crittografia/WebRss?skin=rss,Magistrale
Estrazione inf. dal web,http://twiki.di.uniroma1.it/twiki/view/Estrinfo/WebRss?skin=rss,Magistrale
Fisica 3,http://twiki.di.uniroma1.it/twiki/view/Fisica3/WebRss?skin=rss,Magistrale
Interazione Multi Modale,http://twiki.di.uniroma1.it/twiki/view/IMM/WebRss?skin=rss,Magistrale
Metodi Formali per il Software,http://twiki.di.uniroma1.it/twiki/view/MFS/WebRss?skin=rss,Magistrale
Prestazioni dei Sistemi di Rete,http://twiki.di.uniroma1.it/twiki/view/PDSDR/WebRss?skin=rss,Magistrale
Reti avanzate,http://twiki.di.uniroma1.it/twiki/view/Reti_Avanzate/WebRss?skin=rss,Magistrale
Reti Wireless,http://twiki.di.uniroma1.it/twiki/view/Wireless/WebRss?skin=rss,Magistrale
